"Business Name","Email","Website","Address","Phone","LinkedIn","Facebook","Instagram","Twitter/X","Notes"
"Republic of Work","ask@republicofwork.com","republicofwork.com","12 S Mall, Centre, Cork, T12 RD43, Ireland","(021) 239 8110","https://www.linkedin.com/company/republic-of-work","https://www.facebook.com/republicofwork","https://www.instagram.com/republicofwork","https://twitter.com/republicofwork","YT + TT"
"Culture Marina","info@culturecoworking.ie","culturecoworking.ie","Unit P5, Marina Commercial Park, Centre Park Rd, Ballintemple, Cork, Ireland","(021) 242 7178","https://www.linkedin.com/company/culturecoworkingcork","https://www.facebook.com/culturecoworkingcork","https://www.instagram.com/culturecoworking","https://twitter.com/CulturecoworkCo","YT"
"Ibec Cork Regional Office","info@ibec.ie","","2nd Floor Penrose One, Penrose Dock, Cork, T23 KW81, Ireland","(021) 429 5511","https://www.linkedin.com/company/ibec","https://www.facebook.com/IbecIreland","https://www.instagram.com/ibec_irl","https://twitter.com/ibec_irl","National accounts; TT"
"Cork Business Association","info@corkbusiness.ie","corkbusiness.ie","5 S Mall, Centre, Cork, T12 TCK8, Ireland","(021) 427 8295","https://www.linkedin.com/in/cork-business-association-6a3473a7","https://www.facebook.com/corkbusinessassociation","https://www.instagram.com/corkbusinessassociation","https://twitter.com/CBA_cork","YT"
"Penrose Wharf","hello@penrosewharf.com","penrosewharf.com","Penrose Quay, Victorian Quarter, Cork, Ireland","(021) 486 1300","https://www.linkedin.com/company/penrose-wharf-cork","https://www.facebook.com/penrosewharf","https://www.instagram.com/penrosewharf","","No Twitter"
"Cork Chamber of Commerce","info@corkchamber.ie","corkchamber.ie","Fitzgerald House, Summerhill N, Victorian Quarter, Cork, T23 TD90, Ireland","(021) 450 9044","https://www.linkedin.com/company/corkchamber","https://www.facebook.com/FacesofCorkBusiness","https://www.instagram.com/corkchamber","https://twitter.com/corkchamber","YT + TT"
"Irish Business Plans","","irishbusinessplans.com","7A, Kinsale Rd, Ballyphehane, Cork, T12 PDC9, Ireland","085 150 4497","https://www.linkedin.com/company/irish-business-plans","https://www.facebook.com/irishbusinessplans","https://www.instagram.com/irishbusinessplans","https://twitter.com/irishbizplans","Contact form only"
"RSC Accountants & Business Registration Ireland","info@rightsolutioncentre.com","rightsolutioncentre.com","Saint Patrick's Terrace, 3 W Douglas St, Douglas, Cork, T12 Y446, Ireland","(021) 701 1255","https://www.linkedin.com/company/rightsolutioncentre","https://www.facebook.com/right.solutioncentre","https://www.instagram.com/rightsolutioncentre","https://twitter.com/RSCentre","TT"
"Acorn Business Centre","info@acornbusinesscentre.ie","acornbusinesscentre.ie","Blackrock, Mahon Industrial Estate, Cork, T12 K7CV, Ireland","(021) 453 6199","https://www.linkedin.com/company/acorn-business-centre","https://www.facebook.com/AcornBusinessCentre","https://www.instagram.com/acornbusinesscentre","https://twitter.com/acornbc","YT + TT"
"Local Enterprise Office Cork City","info@leo.corkcity.ie","localenterprise.ie/CorkCity/","City Hall, Anglesea St, Ballintemple, Cork, Ireland","(021) 496 1828","https://www.linkedin.com/company/local-enterprise-office-cork-city","https://www.facebook.com/LEOCorkCity","https://www.instagram.com/leocorkcity","https://twitter.com/LEOCorkCity","TT"
"Marina Commercial Park","","mcpcork.ie","Centre Park Rd, Ballintemple, Cork, Ireland","(021) 431 3466","https://www.linkedin.com/company/marina-commercial-park","https://www.facebook.com/MarinaCommercialPark","https://www.instagram.com/marinacommercialpark","https://twitter.com/mcpcork","Contact form only"
"Malwarebytes (Cork)","","malwarebytes.com","One Albert Quay, Ballintemple, Cork, Ireland","","https://www.linkedin.com/company/malwarebytes","https://www.facebook.com/Malwarebytes","https://www.instagram.com/malwarebytesofficial","https://x.com/malwarebytes","Global HQ accounts; YT + TT"
"Eurolink International Business Development","joe.mannion@eurolink.com","eurolink.com","Cork City, Ballintemple, Cork, Ireland","(021) 455 1909","https://www.linkedin.com/in/eurolink","https://www.facebook.com/EurolinkInternational","https://www.instagram.com/eurolinkintl","https://twitter.com/eurolink","YT"
"Glandore Office Cork","info@glandore.ie","glandore.co","City Quarter, Lapp's Quay, Centre, Cork, Ireland","(021) 424 4100","https://www.linkedin.com/company/glandore-business-centres","https://www.facebook.com/GlandoreNetwork","https://www.instagram.com/glandorenetwork","https://twitter.com/GlandoreNetwork","TT"
"Deloitte Cork","","deloitte.com/ie","6 Lapp's Quay, Centre, Cork, T12 VY7W, Ireland","(021) 490 7000","https://www.linkedin.com/company/deloitte","https://www.facebook.com/Deloitteie","https://www.instagram.com/deloitte_ireland","https://twitter.com/DeloitteIreland","Ireland accounts; YT + TT"
"Grant Thornton Ireland","","grantthornton.ie","Penrose One, Penrose Dock, Victorian Quarter, Cork, T23 YY09, Ireland","(021) 494 9450","https://www.linkedin.com/company/grant-thornton-ireland","https://www.facebook.com/GrantThorntonIreland","https://www.instagram.com/grantthorntonie","https://twitter.com/GrantThorntonIE","Ireland accounts; YT + TT"
"Malting Company of Ireland Limited","info@maltingcompany.ie","maltingcompany.ie","Togher, South Link Business Park, Cork, Ireland","(021) 432 3375","","https://www.facebook.com/MaltingCompanyIreland","https://www.instagram.com/maltingcompanyireland","","No LinkedIn or Twitter"
"West Link Business Park","","","3a, Westlink Business Park, Old Mallow Rd, Cork, T23 FW90, Ireland","(021) 432 3375","","https://www.facebook.com/WestLinkBusinessPark","https://www.instagram.com/westlinkbusinesspark","","No website, LinkedIn, or Twitter"
"Cork Internet eXchange / CloudCIX","ciso@cix.ie, noc@cix.ie","","Hollyhill Industrial Estate, Cork, T23 R68N, Ireland","(021) 237 3050","https://www.linkedin.com/company/cork-internet-exchange","https://www.facebook.com/CloudCIX","https://www.instagram.com/cloudcix","https://twitter.com/cloudcix","YT"
"Morgan McKinley Cork","southwest@morganmckinley.com","morganmckinley.com/ie","Penrose Two, Penrose Dock, Victorian Quarter, Cork, T23 YY09, Ireland","(021) 230 0300","https://www.linkedin.com/company/morgan-mckinley","https://www.facebook.com/morganmckinleyjobs","https://www.instagram.com/morganmckinleyglobal","https://twitter.com/MorganMcKinley","Global accounts; YT + TT"